timestamp,latitude,longitude,zoom,description
2026-03-02T11:00:08.185494,41.8902,12.4922,17,"Here's a detailed description of the satellite image:

**Overall View:**

The image is an aerial shot taken from an oblique angle, looking downwards and slightly to the side. The focus is intensely zoomed in on a section of a city, specifically centered around a large ancient amphitheater. The perspective gives a strong sense of the scale of the structures and the surrounding urban environment.

**Dominant Features:**

*   **The Roman Amphitheater:** This is the most prominent feature. It's a partially-excavated, circular amphitheater, likely the iconic Colosseum, judging by its form. The structure is partially exposed, revealing its tiered seating and crumbling stone walls. The image clearly shows the circular design and the remnants of the inner workings.

*   **Road Network:** A complex road system surrounds the amphitheater. The roads are gray and appear to be a mix of avenues and smaller streets. There are several vehicles moving along the roads, indicating it's a busy area.

*   **Greenery:** Lush greenery dominates much of the surrounding landscape. Dense, mature trees line the roads and fill the areas between the buildings. This suggests a park-like setting or a well-established urban area with significant green spaces.

**Supporting Elements:**

*   **Buildings:** There are several buildings visible, ranging in height and architectural style. Some appear to be older buildings, perhaps historical buildings, while others seem more modern. You can see variations in building materials - stone and brick are common.
*   **Squares and Open Spaces:** There are some open squares or plazas visible in the lower left and right, indicating public areas.
*   **Color and Texture:** The image exhibits a variety of textures and colors. The stone of the amphitheater has a warm beige/brown tone, contrasting with the gray roads and the dark green of the foliage. There's some variation in the color of the buildings as well.


**Context and Possible Location:**

Based on the architectural features, particularly the amphitheater, this image most likely shows a section of Rome, Italy, centered on the Colosseum.

Do you want me to describe anything specific in more detail, or perhaps analyze some aspects of the image further (e.g., how the perspective affects the scene)?"
2026-03-02T11:01:01.976437,41.8902,12.4922,17,"Okay, let's break down this satellite image in detail.

**Dominant Feature: The Roman Colosseum**

*   The most prominent feature of the image is undeniably the Roman Colosseum. It dominates the foreground, taking up a significant portion of the frame.
*   The Colosseum is shown in a partially excavated state, revealing the complex internal structure with multiple levels and arches.  We can see the remnants of the seating tiers and the corridors.
*   The Colosseum’s outer walls are a light beige/gray stone.

**Surrounding Urban Environment**

*   **Road Network:**  A complex network of roads is immediately surrounding the Colosseum. These roads appear dark gray and are segmented, suggesting a modern urban grid layout.  There are several traffic lanes visible.
*   **Green Spaces/Parks:**  The area around the Colosseum is densely packed with greenery—trees and lawns. These appear in shades of green, indicating parks and landscaped areas.
*   **Buildings:** There are several buildings of varying sizes surrounding the Colosseum. They appear to be a mix of modern and older constructions, with some lighter-colored buildings (likely residential or commercial) alongside the stone structures.  A large building with a white roof is visible on the right side of the frame.
*   **Traffic:** A few cars can be seen traveling along the roads, indicating that the area is active and populated.

**Overall Impression**

*   **Urban Context:** The image clearly depicts a section of Rome, Italy. The Colosseum is obviously a key historical landmark, and the surrounding area is a dense, modern city.
*   **Level of Detail:** The image provides a good level of detail, particularly regarding the infrastructure (roads) and the prominent historical structure (Colosseum).

**In short, the image shows a busy street scene in Rome with the iconic Colosseum in the background.**

If you’d like, you can give me another image to describe!"
2026-03-02T11:21:18.412072,41.8902,12.4922,17,"Here's a detailed description of the satellite image:

**Central Feature:**

*   **Roman Amphitheater (Arena):** The dominant feature is a remarkably well-preserved Roman amphitheater (arena), partially excavated. It’s a circular structure with tiers of seating still visible, showing the remnants of the stone construction. There are some areas where it's clear the arena has been unearthed, revealing the original ground.

**Surrounding Urban Environment:**

*   **Road Network:** The amphitheater sits within a complex network of streets. There's a main road curving around the amphitheater, likely a thoroughfare for tourists. Smaller streets branch off from it, indicating the city's layout.
*   **Traffic:**  Several vehicles (cars and possibly buses) are visible on the road, indicating ongoing activity in the area.
*   **Buildings:** Several buildings are visible in the background, some appearing to be residential. One building is notably white with a rectangular shape, perhaps a public building or government structure. There are other buildings with reddish-brown or beige roofs.
*   **Green Spaces:** A large area of lush, dark green trees occupies a significant portion of the image, primarily surrounding the amphitheater and the streets.  There's a smaller, open grassy area with a circular feature within it, possibly a park or plaza.

**Overall Impression:**

*   **Urban Context:** This image presents a dense urban scene, typical of a historic city. The amphitheater is a focal point, blending ancient history with modern infrastructure.
*   **Scale and Perspective:** The perspective gives a clear sense of the scale of the amphitheater and its relationship to the surrounding city.

**Based on the image, it's highly likely this is the Roman Amphitheatrum Flavium, commonly known as the Colosseum in Rome, Italy.** 

Do you want me to analyze any specific aspect of the image in more detail, such as the types of trees, the level of detail visible in the buildings, or the scale of the area?"
2026-03-02T11:26:00.858048,48.8584,2.2945,18,"Okay, let’s break down the details of this satellite image. Here's a detailed description of what's visible:

**Overall Impression:**

The image presents a very dark, almost black, area – likely a dense forest or heavily shaded region. The darkness dominates the majority of the view, but there are key features that stand out due to their contrast. 

**Specific Features:**

1.  **Road/Highway:** A wide, multi-lane highway (or roadway) runs across the upper-left portion of the image. It’s a muted grey, reflecting sunlight. You can discern the presence of multiple lanes and some visible markings on the road.

2.  **Buildings/Structures:**
    *   **White Building:** There's a relatively large, light-colored building (likely a hotel or similar structure) situated in the center of the image, partially obscured by the darkness. It appears to have a rectangular shape with a flat roof.
    *   **Smaller Structures:** To the right of the large building, there are smaller, more indistinct structures. It’s difficult to determine their precise function.

3.  **Vegetation:** 
    *   **Dense Forest:** The dominant feature is a very dense, dark green forest covering most of the area. The foliage is thick and obscures much of the ground beneath. 
    *   **Edge of the Forest:** There is a distinct change in the vegetation, indicating the edge of the forest. It’s lighter in color and has patches of what appears to be a dirt road. 

4.  **Terrain and Features:**
    *   **Sloping Terrain:** The terrain appears to be sloping or hilly. The forest is concentrated on the higher ground, with a lighter-colored area sloping down to the darker forest below.
    *   **Water:** There’s a body of water to the right of the main area, it appears to be a lake or pond.

5.  **Shadows:** The dark areas are cast by the trees, creating significant shadows.

**General Location and Potential Context:**

Based on the appearance of the forest and the presence of a road, it's likely this image shows a location in a mountainous area, perhaps in the Eastern United States or a similar region with dense forests and rolling hills. The scale is relatively small due to the detail of the structures and the road.

**Important Note:** The image quality is somewhat limited due to the darkness, and some details are difficult to discern with certainty.

Would you like me to focus on any particular aspect of the image, such as identifying the possible location or explaining a specific feature further?"
2026-03-02T11:33:58.831304,29.9792,31.1342,18,"Okay, let's analyze this satellite image in detail.

**Overall Impression:**

The image shows a highly textured, rugged landscape, dominated by dark green vegetation and a lighter, sandy/beige area. It appears to be a very detailed view, almost like a close-up photograph of the surface. 

**Specific Features:**

*   **Dark Green Vegetation:** The dominant feature is a vast expanse of dark green vegetation. It's not a uniform green; rather, it shows a lot of detail, like individual trees, bushes, or dense thickets. The texture is very rough and irregular, with a lot of jagged edges and variation in color, suggesting a complex, multi-layered vegetation cover.

*   **Sandy/Beige Area:**  Along the right edge of the image, there’s a lighter colored area, appearing to be sand or a light-colored soil. This area contrasts sharply with the dark green vegetation.

*   **Texture:** The most striking aspect of the image is the extreme texture. The vegetation is not smooth; it's highly corrugated and chaotic. This indicates a very uneven surface, possibly due to erosion, volcanic activity, or a complex geological landscape.

*   **Edge of Feature:** The image shows a clear distinction between the dark green area and the lighter sand area, suggesting a boundary or edge to some kind of terrain feature.



**Possible Interpretations/What We Might Be Looking At:**

Based on the visual characteristics, this could represent:

*   **Volcanic Terrain:** The rugged texture and complex vegetation might be characteristic of areas around an old volcanic region, where lava flows have created irregular landscapes and the vegetation has adapted to the nutrient-poor conditions.
*   **Eroded Landscape:** The highly textured surface could be the result of intense erosion, such as from water or wind.
*   **Complex Terrain:** It could also be a natural terrain with a combination of different geological formations. 

**Important Note:** Without additional context about the location or the satellite imagery's source, it's impossible to pinpoint exactly what this landscape represents. However, the image clearly reveals a visually compelling and detailed surface with a highly irregular and textured appearance.

Do you want me to look for anything specific regarding this image, such as its location or what type of feature it might be?"
2026-03-02T11:35:40.326241,51.5007,-0.1246,18,"Okay, let's break down this satellite image of the Palace of Westminster (Houses of Parliament) in London. Here's a detailed description of what we can see:

**Dominant Features:**

*   **Elizabeth Tower (Big Ben):** The most prominent feature is the Elizabeth Tower, housing the Great Bell (Big Ben). It's a tall, rectangular tower with a pointed roof and a clock face clearly visible. The tower is light-colored, likely sandstone.
*   **Palace Complex:**  The Elizabeth Tower is part of the larger Palace of Westminster complex, a large, historic building with a complex roofline.
*   **Rooflines and Facades:** The complex has a series of sloping roofs and intricate facades, showcasing the Victorian Gothic architectural style. You can see the various buildings connected by walls and passages. 

**Surrounding Environment:**

*   **Green Space:** There's a large, well-maintained green area (a lawn or garden) surrounding the Palace. It looks like a formal garden with neatly trimmed areas.
*   **Streetscape:** The image shows a London street with cars and traffic. There's a road running along the side of the Palace, likely the River Thames.
*   **Buildings Beyond:** In the background, there are other buildings – some lower and wider. They appear to be modern office buildings.
*   **Crowd:** A sizable crowd of people is visible in the far background, likely an event taking place nearby (perhaps a parade or public gathering). 

**Details and Observations:**

*   **Shadows:** The shadows cast by the buildings and tower are very distinct, indicating the direction of the sunlight.
*   **Textures:** The image clearly shows the textures of the stone buildings – the rough stone of the tower and the smoother facades of the Palace.
*   **Colors:** The color palette is dominated by the beige/gray of the stone buildings, the green of the lawns, and the grey of the road.

**Overall Impression:**

The image provides a striking aerial view of a significant historical landmark in London, The Palace of Westminster, highlighting its grandeur and importance in the city’s landscape. 

Would you like me to focus on a particular aspect of the image, such as the architecture, the surrounding environment, or the people in the background?"
2026-03-02T11:38:10.602928,51.5007,-0.1246,18,"Here's a detailed description of the satellite image you provided:

**Overall View:**

The image is a high-resolution aerial photograph of the Palace of Westminster (Houses of Parliament) in London, England. The view is taken from directly above, providing a comprehensive overview of the building and its surrounding grounds.

**Key Features:**

*   **Elizabeth Tower (Big Ben):** The most prominent feature is the Elizabeth Tower, which houses the Great Bell (Big Ben). The tower’s distinctive Gothic architecture is clearly visible, with its intricate stonework, pointed arches, and the clock face. The tower casts a significant shadow across the surrounding buildings and grounds.
*   **Palace of Westminster:** The main building itself is a large, complex structure of gray stone. It's constructed with multiple wings and levels, displaying the classic Gothic architectural style with pointed arches and ornate detailing.
*   **Courtyard:** The image clearly shows the inner courtyard of the Palace. It’s primarily a grassy area, used for recreation and the location of the Foreign Office.
*   **Gardens:** The grounds surrounding the Palace are lush, green, with well-maintained lawns and gardens.
*   **Roads and Infrastructure:** The photograph reveals the surrounding roads and infrastructure, including a street and a line of trees, which contribute to the urban landscape.
*   **People and Vehicles:** There are also small figures (people) and a few vehicles visible in the background, demonstrating the building's integration within a bustling city environment.

**Color and Light:**

The image is dominated by shades of gray and brown, reflecting the stone of the buildings. The lighting is somewhat overcast, resulting in relatively soft shadows.

**Overall Impression:**

The image provides a detailed and impressive view of one of London's most iconic landmarks – the Palace of Westminster. It highlights the building’s architectural grandeur and its place within the city’s urban fabric. 

Do you want me to focus on any particular aspect of the image (e.g., specific architectural details, the surrounding urban environment)?"
